{
  "generated_at": "2026-06-30T17:00:04",
  "source": {
    "official_tag_path": "/home/local/xinyu/K-Radar/tools/tag_generator/tag_generation.py",
    "gt_root": "/home/local/xinyu/K-Radar-GT-Polar-v2"
  },
  "scope_definition": {
    "all": "Full valid GT tensor FOV: 0<=r<256, 0<=a<107, 0<=e<37.",
    "narrow": "Current project narrow scope: Cartesian ROI x:[0,72], y:[-6.4,6.4], z:[-2,6] plus azimuth [-50deg, 50deg]."
  },
  "highway_sequences": [
    2,
    3,
    4,
    9,
    10,
    11,
    12,
    13,
    46,
    47,
    48,
    49,
    50,
    51,
    52,
    53
  ],
  "weather_to_sequences": {
    "normal": [
      2,
      3,
      4,
      9,
      10,
      11,
      12
    ],
    "overcast": [
      13
    ],
    "sleet": [
      50,
      51,
      52,
      53
    ],
    "lightsnow": [
      48,
      49
    ],
    "heavysnow": [
      46,
      47
    ]
  },
  "summary": {
    "all_total": 22019,
    "narrow_total": 16523,
    "all_sedan": 14426,
    "narrow_sedan": 11130,
    "all_bus": 7593,
    "narrow_bus": 5393,
    "ignored_total": 5496,
    "ignored_sedan": 3296,
    "ignored_bus": 2200,
    "keep_rate_total": 0.7503973840773878,
    "keep_rate_sedan": 0.7715236378760572,
    "keep_rate_bus": 0.710259449492954,
    "ignore_rate_total": 0.24960261592261224,
    "ignore_rate_sedan": 0.22847636212394284,
    "ignore_rate_bus": 0.28974055050704595,
    "frames_with_gt": 8901,
    "num_highway_sequences": 16
  },
  "by_weather": {
    "normal": {
      "all_total": 16058,
      "narrow_total": 11544,
      "all_sedan": 10823,
      "narrow_sedan": 8120,
      "all_bus": 5235,
      "narrow_bus": 3424,
      "ignored_total": 4514,
      "ignored_sedan": 2703,
      "ignored_bus": 1811,
      "keep_rate_total": 0.7188940092165899,
      "keep_rate_sedan": 0.7502540885151991,
      "keep_rate_bus": 0.6540592168099332,
      "ignore_rate_total": 0.28110599078341014,
      "ignore_rate_sedan": 0.24974591148480085,
      "ignore_rate_bus": 0.3459407831900668
    },
    "overcast": {
      "all_total": 407,
      "narrow_total": 402,
      "all_sedan": 305,
      "narrow_sedan": 304,
      "all_bus": 102,
      "narrow_bus": 98,
      "ignored_total": 5,
      "ignored_sedan": 1,
      "ignored_bus": 4,
      "keep_rate_total": 0.9877149877149877,
      "keep_rate_sedan": 0.9967213114754099,
      "keep_rate_bus": 0.9607843137254902,
      "ignore_rate_total": 0.012285012285012331,
      "ignore_rate_sedan": 0.003278688524590123,
      "ignore_rate_bus": 0.039215686274509776
    },
    "sleet": {
      "all_total": 2457,
      "narrow_total": 1875,
      "all_sedan": 2364,
      "narrow_sedan": 1800,
      "all_bus": 93,
      "narrow_bus": 75,
      "ignored_total": 582,
      "ignored_sedan": 564,
      "ignored_bus": 18,
      "keep_rate_total": 0.7631257631257631,
      "keep_rate_sedan": 0.7614213197969543,
      "keep_rate_bus": 0.8064516129032258,
      "ignore_rate_total": 0.23687423687423692,
      "ignore_rate_sedan": 0.23857868020304573,
      "ignore_rate_bus": 0.19354838709677424
    },
    "lightsnow": {
      "all_total": 1810,
      "narrow_total": 1547,
      "all_sedan": 500,
      "narrow_sedan": 493,
      "all_bus": 1310,
      "narrow_bus": 1054,
      "ignored_total": 263,
      "ignored_sedan": 7,
      "ignored_bus": 256,
      "keep_rate_total": 0.8546961325966851,
      "keep_rate_sedan": 0.986,
      "keep_rate_bus": 0.8045801526717558,
      "ignore_rate_total": 0.1453038674033149,
      "ignore_rate_sedan": 0.014000000000000012,
      "ignore_rate_bus": 0.19541984732824424
    },
    "heavysnow": {
      "all_total": 1287,
      "narrow_total": 1155,
      "all_sedan": 434,
      "narrow_sedan": 413,
      "all_bus": 853,
      "narrow_bus": 742,
      "ignored_total": 132,
      "ignored_sedan": 21,
      "ignored_bus": 111,
      "keep_rate_total": 0.8974358974358975,
      "keep_rate_sedan": 0.9516129032258065,
      "keep_rate_bus": 0.8698710433763188,
      "ignore_rate_total": 0.10256410256410253,
      "ignore_rate_sedan": 0.048387096774193505,
      "ignore_rate_bus": 0.13012895662368118
    }
  },
  "by_sequence": {
    "2": {
      "road": "highway",
      "time": "night",
      "weather": "normal",
      "all_total": 93,
      "narrow_total": 71,
      "all_sedan": 1,
      "narrow_sedan": 0,
      "all_bus": 92,
      "narrow_bus": 71,
      "frames_with_gt": 98,
      "ignored_total": 22,
      "ignored_sedan": 1,
      "ignored_bus": 21,
      "keep_rate_total": 0.7634408602150538,
      "keep_rate_sedan": 0.0,
      "keep_rate_bus": 0.7717391304347826,
      "ignore_rate_total": 0.23655913978494625,
      "ignore_rate_sedan": 1.0,
      "ignore_rate_bus": 0.2282608695652174
    },
    "3": {
      "road": "highway",
      "time": "night",
      "weather": "normal",
      "all_total": 1458,
      "narrow_total": 755,
      "all_sedan": 484,
      "narrow_sedan": 226,
      "all_bus": 974,
      "narrow_bus": 529,
      "frames_with_gt": 566,
      "ignored_total": 703,
      "ignored_sedan": 258,
      "ignored_bus": 445,
      "keep_rate_total": 0.5178326474622771,
      "keep_rate_sedan": 0.4669421487603306,
      "keep_rate_bus": 0.5431211498973306,
      "ignore_rate_total": 0.4821673525377229,
      "ignore_rate_sedan": 0.5330578512396694,
      "ignore_rate_bus": 0.4568788501026694
    },
    "4": {
      "road": "highway",
      "time": "night",
      "weather": "normal",
      "all_total": 464,
      "narrow_total": 219,
      "all_sedan": 64,
      "narrow_sedan": 59,
      "all_bus": 400,
      "narrow_bus": 160,
      "frames_with_gt": 392,
      "ignored_total": 245,
      "ignored_sedan": 5,
      "ignored_bus": 240,
      "keep_rate_total": 0.47198275862068967,
      "keep_rate_sedan": 0.921875,
      "keep_rate_bus": 0.4,
      "ignore_rate_total": 0.5280172413793103,
      "ignore_rate_sedan": 0.078125,
      "ignore_rate_bus": 0.6
    },
    "9": {
      "road": "highway",
      "time": "day",
      "weather": "normal",
      "all_total": 2445,
      "narrow_total": 1520,
      "all_sedan": 1964,
      "narrow_sedan": 1520,
      "all_bus": 481,
      "narrow_bus": 0,
      "frames_with_gt": 833,
      "ignored_total": 925,
      "ignored_sedan": 444,
      "ignored_bus": 481,
      "keep_rate_total": 0.621676891615542,
      "keep_rate_sedan": 0.7739307535641547,
      "keep_rate_bus": 0.0,
      "ignore_rate_total": 0.37832310838445804,
      "ignore_rate_sedan": 0.22606924643584525,
      "ignore_rate_bus": 1.0
    },
    "10": {
      "road": "highway",
      "time": "day",
      "weather": "normal",
      "all_total": 3188,
      "narrow_total": 2717,
      "all_sedan": 2478,
      "narrow_sedan": 2156,
      "all_bus": 710,
      "narrow_bus": 561,
      "frames_with_gt": 1059,
      "ignored_total": 471,
      "ignored_sedan": 322,
      "ignored_bus": 149,
      "keep_rate_total": 0.8522584692597239,
      "keep_rate_sedan": 0.8700564971751412,
      "keep_rate_bus": 0.7901408450704225,
      "ignore_rate_total": 0.14774153074027607,
      "ignore_rate_sedan": 0.12994350282485878,
      "ignore_rate_bus": 0.20985915492957752
    },
    "11": {
      "road": "highway",
      "time": "day",
      "weather": "normal",
      "all_total": 5449,
      "narrow_total": 4087,
      "all_sedan": 3838,
      "narrow_sedan": 2616,
      "all_bus": 1611,
      "narrow_bus": 1471,
      "frames_with_gt": 1188,
      "ignored_total": 1362,
      "ignored_sedan": 1222,
      "ignored_bus": 140,
      "keep_rate_total": 0.7500458799779776,
      "keep_rate_sedan": 0.6816050026055237,
      "keep_rate_bus": 0.9130974549968963,
      "ignore_rate_total": 0.24995412002202244,
      "ignore_rate_sedan": 0.3183949973944763,
      "ignore_rate_bus": 0.08690254500310368
    },
    "12": {
      "road": "highway",
      "time": "day",
      "weather": "normal",
      "all_total": 2961,
      "narrow_total": 2175,
      "all_sedan": 1994,
      "narrow_sedan": 1543,
      "all_bus": 967,